{"epoch": [0, 1, 2, 3, 4, 5, 6, 7, 8, 9, 10, 11, 12, 13, 14, 14, 15, 16, 17, 18, 19, 20, 21, 22, 23], "val_acc": [0.751826822757721, 0.8024296760559082, 0.8240774273872375, 0.838326632976532, 0.842893660068512, 0.8475520610809326, 0.8567774891853333, 0.8544939756393433, 0.8617098927497864, 0.8833577036857605, 0.8872853517532349, 0.8893861770629883, 0.889934241771698, 0.8897515535354614, 0.8913956880569458, 0.8901169300079346, 0.8939532041549683, 0.8963280916213989, 0.8975155353546143, 0.9015344977378845, 0.9027219414710999, 0.9040920734405518, 0.9034526944160461, 0.9040920734405518, 0.9040920734405518]}