{"epoch": [0, 1, 2, 3, 4, 5, 6, 7, 8, 9, 10, 11, 12, 13, 14, 15, 16, 16, 17, 18, 19, 20, 21, 22, 23, 24, 25, 26, 27], "val_acc": [0.8139277696609497, 0.8531687259674072, 0.8769344091415405, 0.8800663352012634, 0.885777473449707, 0.8983050584793091, 0.8924097418785095, 0.9007000923156738, 0.9163596034049988, 0.919307291507721, 0.9213338494300842, 0.9217022657394409, 0.9215180277824402, 0.9222549796104431, 0.9239130616188049, 0.9226234555244446, 0.9228076934814453, 0.9194915294647217, 0.9204126596450806, 0.9222549796104431, 0.9222549796104431, 0.9248341917991638, 0.9281503558158875, 0.9287030100822449, 0.9279661178588867, 0.9283345341682434, 0.9294399619102478, 0.9288872480392456, 0.9285187721252441]}