{"epoch": [0, 1, 2, 3, 4, 5, 6, 7, 8, 9, 10, 11, 12, 13, 13, 14, 15, 16, 17, 18, 19, 20], "val_acc": [0.8395357131958008, 0.8802505731582642, 0.8883566856384277, 0.9025423526763916, 0.8994104862213135, 0.9010685086250305, 0.9071481227874756, 0.9100958108901978, 0.9261237978935242, 0.9285187721252441, 0.9327560663223267, 0.9299926161766052, 0.931650698184967, 0.9331245422363281, 0.9281503558158875, 0.9290714859962463, 0.9309138059616089, 0.9318349361419678, 0.9314664602279663, 0.9329403042793274, 0.936256468296051, 0.9375460743904114]}