{"epoch": [0, 1, 2, 3, 4, 5, 6, 7, 8, 9, 10, 11, 12, 12, 13, 14, 15, 16, 17, 18, 19, 20, 21], "val_acc": [0.8000211119651794, 0.8525749444961548, 0.8643942475318909, 0.8760025501251221, 0.8792739510536194, 0.8809624314308167, 0.884233832359314, 0.9071338176727295, 0.9095609784126282, 0.9086112380027771, 0.9108273386955261, 0.9089277982711792, 0.9097720384597778, 0.9086112380027771, 0.9106162786483765, 0.9120936989784241, 0.9116715788841248, 0.91462641954422, 0.9153651595115662, 0.9166315197944641, 0.9156817197799683, 0.9159983396530151, 0.9157872796058655]}