{"epoch": [0, 1, 2, 3, 4, 5, 6, 7, 8, 9, 10, 11, 12, 13, 14, 15, 15, 16, 17, 18, 19, 20, 21], "val_acc": [0.8955973982810974, 0.9094811677932739, 0.9239130616188049, 0.9347826242446899, 0.9303069114685059, 0.9343259334564209, 0.9475703239440918, 0.9507672786712646, 0.9504932165145874, 0.9518633484840393, 0.9523200392723083, 0.9527767896652222, 0.952959418296814, 0.9539641737937927, 0.9538728594779968, 0.9534161686897278, 0.9502192139625549, 0.9530507922172546, 0.9545122385025024, 0.9543295502662659, 0.9555169939994812, 0.9561563730239868, 0.9571611285209656]}