{"epoch": [0, 1, 2, 3, 4, 5, 6, 7, 8, 9, 10, 11, 12, 13, 14, 15, 16, 17, 18, 19, 20, 21, 21, 22, 23, 24, 25, 26, 27, 28, 29, 30, 31, 32], "val_acc": [0.7855315804481506, 0.8259042501449585, 0.8449031710624695, 0.8471866846084595, 0.8603397607803345, 0.8616185784339905, 0.8616185784339905, 0.8907563090324402, 0.894957959651947, 0.8963280916213989, 0.8974241614341736, 0.8971501588821411, 0.8999817371368408, 0.9002557396888733, 0.9000730514526367, 0.9007124304771423, 0.9020825624465942, 0.9015344977378845, 0.9014431834220886, 0.9016258716583252, 0.9011691808700562, 0.9015344977378845, 0.8961454033851624, 0.9029046297073364, 0.9011691808700562, 0.9032700061798096, 0.9061928987503052, 0.9069236516952515, 0.9079284071922302, 0.9082937240600586, 0.9090244770050049, 0.9092071652412415, 0.9090244770050049, 0.9085677862167358]}