{"epoch": [0, 1, 2, 3, 4, 5, 6, 7, 8, 9, 10, 11, 12, 13, 14, 15, 15, 16, 17, 18, 19, 20, 21, 22, 23, 24, 25, 26], "val_acc": [0.8114724159240723, 0.8569601774215698, 0.8747716546058655, 0.8847277760505676, 0.8858239054679871, 0.890390932559967, 0.8997077345848083, 0.8977895379066467, 0.9017171859741211, 0.9213554859161377, 0.9259225726127625, 0.9257398843765259, 0.9258311986923218, 0.9272013306617737, 0.9286627769470215, 0.9287540912628174, 0.9239130616188049, 0.928388774394989, 0.926653265953064, 0.9286627769470215, 0.9308549761772156, 0.9313116669654846, 0.931220293045044, 0.9317683577537537, 0.9314029812812805, 0.9320423603057861, 0.9318596720695496, 0.9324077367782593]}