{"epoch": [0, 1, 2, 3, 4, 5, 6, 7, 8, 9, 10, 11, 12, 13, 14, 15, 15, 16, 17, 18, 19, 20, 21, 22, 23, 24, 25, 26, 27], "val_acc": [0.6175557374954224, 0.6914504766464233, 0.7166605591773987, 0.7393131256103516, 0.7506393790245056, 0.7615089416503906, 0.7565765380859375, 0.760869562625885, 0.8020642995834351, 0.8077274560928345, 0.8074533939361572, 0.8091889023780823, 0.8134819269180298, 0.8132078647613525, 0.8150346875190735, 0.814303994178772, 0.7705516815185547, 0.7670807242393494, 0.7624223828315735, 0.8117464184761047, 0.8226159811019897, 0.8240774273872375, 0.8280051350593567, 0.8272743821144104, 0.827457070350647, 0.8310193419456482, 0.8311107158660889, 0.8311107158660889, 0.8305626511573792]}